{"cameraMode":{"drawMode":0,"name":"Shaded","section":"Shading Mode"},"sceneLighting":true,"audioPlay":false,"sceneViewState":{"m_AlwaysRefresh":false,"showFog":true,"showSkybox":true,"showFlares":true,"showImageEffects":true,"showParticleSystems":true,"showVisualEffectGraphs":true,"m_FxEnabled":true},"in2DMode":false,"pivot":{"x":7.352357864379883,"y":-14.110052108764649,"z":13.793167114257813},"rotation":{"x":0.044151920825242999,"y":-0.8796042799949646,"z":0.4667666554450989,"w":0.0843803882598877},"size":16.712310791015626,"orthographic":false}