{"cameraMode":{"drawMode":0,"name":"Shaded","section":"Shading Mode"},"sceneLighting":true,"audioPlay":false,"sceneViewState":{"m_AlwaysRefresh":false,"showFog":true,"showSkybox":true,"showFlares":true,"showImageEffects":true,"showParticleSystems":true,"showVisualEffectGraphs":true,"m_FxEnabled":true},"in2DMode":false,"pivot":{"x":4.695872783660889,"y":56.782135009765628,"z":-12.201661109924317},"rotation":{"x":0.5730012655258179,"y":0.06597188860177994,"z":-0.04604247584939003,"w":0.8157780766487122},"size":12.12435531616211,"orthographic":false}