{"cameraMode":{"drawMode":0,"name":"Shaded","section":"Shading Mode"},"sceneLighting":false,"audioPlay":false,"sceneViewState":{"m_AlwaysRefresh":false,"showFog":true,"showSkybox":false,"showFlares":true,"showImageEffects":true,"showParticleSystems":true,"showVisualEffectGraphs":true,"m_FxEnabled":true},"in2DMode":false,"pivot":{"x":0.001911163330078125,"y":1.5830001831054688,"z":1.4454879760742188},"rotation":{"x":-0.21247702836990357,"y":-0.6899747252464294,"z":0.2239609658718109,"w":-0.6548399925231934},"size":60.62177658081055,"orthographic":false}