{"cameraMode":{"drawMode":0,"name":"Shaded","section":"Shading Mode"},"sceneLighting":true,"audioPlay":false,"sceneViewState":{"m_AlwaysRefresh":false,"showFog":true,"showSkybox":true,"showFlares":true,"showImageEffects":true,"showParticleSystems":true,"showVisualEffectGraphs":true,"m_FxEnabled":true},"in2DMode":false,"pivot":{"x":-84.65310668945313,"y":5.4364728927612309,"z":-36.21772766113281},"rotation":{"x":-0.5463074445724487,"y":-0.005646455101668835,"z":0.0059694587253034119,"w":-0.8378623127937317},"size":1.2159504890441895,"orthographic":false}