{"cameraMode":{"drawMode":0,"name":"Shaded","section":"Shading Mode"},"sceneLighting":false,"audioPlay":false,"sceneViewState":{"m_AlwaysRefresh":false,"showFog":true,"showSkybox":false,"showFlares":true,"showImageEffects":true,"showParticleSystems":true,"showVisualEffectGraphs":true,"m_FxEnabled":true},"in2DMode":false,"pivot":{"x":0.007075786590576172,"y":0.0039000511169433595,"z":0.005892515182495117},"rotation":{"x":-0.07051486521959305,"y":-0.9280561208724976,"z":0.28436505794525149,"w":-0.2303358018398285},"size":2.4595119953155519,"orthographic":false}